label,test_accuracy,test_loss,training_time_sec,epochs_ran,achieved_sparsity
full_model,0.8544524312019348,0.31882137060165405,,,0.0
lottery_ticket,0.8546571135520935,0.3167848289012909,7.580901861190796,11.0,0.49907276424861324
random_pruned,0.8542476892471313,0.3150663375854492,8.830971717834473,13.0,0.49907819461904596
