{
  "loss": [
    2.314791440963745,
    2.2829151153564453,
    2.221581220626831,
    2.0732035636901855,
    1.9956915378570557,
    1.8820748329162598,
    1.822253704071045,
    1.788195013999939,
    1.7096015214920044,
    1.7271199226379395,
    1.737459659576416,
    1.6886343955993652,
    1.6319160461425781,
    1.545497179031372,
    1.518498420715332,
    1.5200181007385254,
    1.544220209121704,
    1.5312577486038208,
    1.4733790159225464,
    1.5674421787261963,
    1.4282995462417603,
    1.4375369548797607,
    1.4486172199249268,
    1.3982912302017212,
    1.3563425540924072,
    1.4392544031143188,
    1.407800316810608,
    1.4647629261016846,
    1.5369691848754883,
    1.4329060316085815,
    1.328769326210022,
    1.4458856582641602,
    1.5171747207641602,
    1.4839458465576172,
    1.5323712825775146,
    1.6649590730667114,
    1.673325777053833,
    1.47793447971344,
    1.5652724504470825,
    1.5062816143035889,
    1.7728888988494873,
    1.822790503501892,
    1.9159424304962158,
    2.5510218143463135,
    2.0878500938415527,
    1.8510645627975464,
    1.72304368019104,
    2.291825294494629,
    2.4667351245880127,
    2.297863245010376,
    2.584737777709961,
    2.880535125732422,
    2.6365368366241455,
    2.6814467906951904,
    2.799996852874756,
    4.472214221954346,
    3.9792094230651855,
    3.6601431369781494,
    3.315448760986328,
    4.062911510467529,
    3.9115495681762695,
    6.528024196624756,
    6.234025478363037,
    6.691372394561768,
    7.2400431632995605,
    7.409999847412109,
    8.32481861114502,
    9.528456687927246,
    6.789036750793457,
    6.858168125152588,
    9.674354553222656,
    8.533918380737305,
    9.713828086853027,
    11.706568717956543,
    12.348690032958984,
    10.748689651489258,
    18.1590518951416,
    18.73885154724121,
    18.54413414001465,
    13.584478378295898,
    11.23076057434082,
    11.27805233001709,
    17.124343872070312,
    16.4128360748291,
    16.683868408203125,
    19.823211669921875,
    21.559158325195312,
    24.160070419311523,
    22.10320281982422,
    22.43854331970215,
    34.5893440246582,
    29.666275024414062,
    29.689916610717773,
    37.02606201171875,
    38.50785446166992,
    50.81170654296875,
    43.88966369628906,
    37.53193664550781,
    43.32465744018555,
    50.00719451904297
  ],
  "accuracy": [
    0.1080000028014183,
    0.1720000058412552,
    0.16599999368190765,
    0.22599999606609344,
    0.23999999463558197,
    0.3019999861717224,
    0.33000001311302185,
    0.3240000009536743,
    0.36399999260902405,
    0.3799999952316284,
    0.3580000102519989,
    0.38600000739097595,
    0.4000000059604645,
    0.4440000057220459,
    0.4699999988079071,
    0.4519999921321869,
    0.44999998807907104,
    0.43799999356269836,
    0.47999998927116394,
    0.4320000112056732,
    0.4860000014305115,
    0.49799999594688416,
    0.4959999918937683,
    0.49799999594688416,
    0.515999972820282,
    0.4880000054836273,
    0.49799999594688416,
    0.4779999852180481,
    0.4860000014305115,
    0.5019999742507935,
    0.5299999713897705,
    0.5180000066757202,
    0.5120000243186951,
    0.49399998784065247,
    0.5040000081062317,
    0.4620000123977661,
    0.5059999823570251,
    0.492000013589859,
    0.5239999890327454,
    0.4959999918937683,
    0.5,
    0.4779999852180481,
    0.4819999933242798,
    0.42399999499320984,
    0.4339999854564667,
    0.5199999809265137,
    0.5299999713897705,
    0.49399998784065247,
    0.44600000977516174,
    0.47200000286102295,
    0.45399999618530273,
    0.4560000002384186,
    0.4620000123977661,
    0.4860000014305115,
    0.49000000953674316,
    0.4000000059604645,
    0.39800000190734863,
    0.47200000286102295,
    0.47200000286102295,
    0.44600000977516174,
    0.4819999933242798,
    0.39399999380111694,
    0.3840000033378601,
    0.3919999897480011,
    0.4059999883174896,
    0.4020000100135803,
    0.44600000977516174,
    0.38600000739097595,
    0.4180000126361847,
    0.44600000977516174,
    0.38999998569488525,
    0.4099999964237213,
    0.41600000858306885,
    0.3659999966621399,
    0.36399999260902405,
    0.421999990940094,
    0.33399999141693115,
    0.34599998593330383,
    0.3720000088214874,
    0.39800000190734863,
    0.4399999976158142,
    0.41200000047683716,
    0.39399999380111694,
    0.41200000047683716,
    0.4300000071525574,
    0.3720000088214874,
    0.4020000100135803,
    0.3779999911785126,
    0.36000001430511475,
    0.3540000021457672,
    0.3619999885559082,
    0.3659999966621399,
    0.3799999952316284,
    0.328000009059906,
    0.3580000102519989,
    0.29600000381469727,
    0.33399999141693115,
    0.3400000035762787,
    0.3479999899864197,
    0.3659999966621399
  ],
  "val_loss": [
    2.2894504070281982,
    2.256403923034668,
    2.1578729152679443,
    2.1009719371795654,
    1.976750373840332,
    2.375509262084961,
    1.9182336330413818,
    2.127852439880371,
    2.4186246395111084,
    2.0038177967071533,
    1.7911376953125,
    2.2692906856536865,
    1.874779224395752,
    1.7908005714416504,
    2.2777562141418457,
    2.1069295406341553,
    2.1713953018188477,
    1.9177154302597046,
    1.6239792108535767,
    1.8727126121520996,
    2.0531227588653564,
    1.7998417615890503,
    2.479362964630127,
    1.9319863319396973,
    2.5231668949127197,
    1.9035836458206177,
    2.823521614074707,
    2.1953623294830322,
    1.7616230249404907,
    2.621309280395508,
    2.279043674468994,
    2.3306195735931396,
    2.7708678245544434,
    2.9528582096099854,
    2.5839688777923584,
    3.0152251720428467,
    2.2754557132720947,
    2.8705310821533203,
    2.5807483196258545,
    3.2557802200317383,
    4.015988826751709,
    3.0399086475372314,
    4.097455024719238,
    3.6329941749572754,
    3.181422710418701,
    2.9818148612976074,
    3.791084051132202,
    3.8918590545654297,
    3.1876566410064697,
    5.214151382446289,
    3.8004095554351807,
    4.163825035095215,
    4.659114360809326,
    4.5631489753723145,
    7.489391326904297,
    6.7309088706970215,
    7.4380784034729,
    8.165894508361816,
    6.670344829559326,
    5.920695781707764,
    10.40932846069336,
    10.218432426452637,
    11.40799331665039,
    9.550749778747559,
    12.338030815124512,
    10.541123390197754,
    13.52775764465332,
    11.503687858581543,
    12.384987831115723,
    13.484365463256836,
    13.538276672363281,
    13.642223358154297,
    16.873817443847656,
    20.105012893676758,
    15.746637344360352,
    21.874235153198242,
    27.928050994873047,
    30.654706954956055,
    19.364513397216797,
    19.449771881103516,
    17.41434097290039,
    19.065828323364258,
    29.747228622436523,
    25.587373733520508,
    25.303504943847656,
    30.684396743774414,
    28.87429428100586,
    26.627748489379883,
    30.403112411499023,
    42.470943450927734,
    40.31864929199219,
    51.97821807861328,
    51.75796890258789,
    53.50017166137695,
    46.9287109375,
    70.47350311279297,
    69.58804321289062,
    51.37922668457031,
    50.633182525634766,
    77.89530181884766
  ],