{
  "loss": [
    2.3095951080322266,
    2.2033674716949463,
    2.060250997543335,
    2.008843183517456,
    1.8942506313323975,
    1.780307412147522,
    1.584489345550537,
    1.459914207458496,
    1.3186026811599731,
    1.2474068403244019,
    1.1776235103607178,
    1.0609573125839233,
    0.9426948428153992,
    0.8085805773735046,
    0.7988321781158447,
    0.6529139876365662,
    0.7272316217422485,
    0.6014385223388672,
    0.5210199356079102,
    0.4560772776603699,
    0.3521333634853363,
    0.2769174873828888,
    0.27832430601119995,
    0.31480562686920166,
    0.21349617838859558,
    0.31738755106925964,
    0.16376420855522156,
    0.22098739445209503,
    0.24848802387714386,
    0.14966094493865967,
    0.17273487150669098,
    0.08860854059457779,
    0.11995523422956467,
    0.24279555678367615,
    0.30024027824401855,
    0.48518019914627075,
    0.46221256256103516,
    0.34097930788993835,
    0.41088414192199707,
    0.24342040717601776,
    0.3835110664367676,
    0.6597910523414612,
    0.18725751340389252,
    0.24057303369045258,
    0.5385821461677551,
    0.13980400562286377,
    0.1762557327747345,
    0.14051324129104614,
    0.3903427720069885,
    0.07416007667779922,
    0.1477809101343155,
    0.22553084790706635,
    0.2626859247684479,
    0.3512660562992096,
    0.1290411800146103,
    0.1050712987780571,
    0.33428069949150085,
    0.09942346066236496,
    0.3182518780231476,
    0.9675134420394897,
    0.23646853864192963,
    0.35348787903785706,
    0.34255003929138184,
    0.29315653443336487,
    0.38833287358283997,
    0.16862289607524872,
    0.6339650750160217,
    1.1194366216659546,
    0.22308559715747833,
    0.256929486989975,
    0.5713712573051453,
    0.2754441797733307,
    0.12337112426757812,
    0.31511929631233215,
    1.8448879718780518,
    0.09817974269390106,
    0.27620577812194824,
    0.66648930311203,
    0.4252947270870209,
    0.2526823878288269,
    0.20605842769145966,
    0.37865233421325684,
    0.5376470685005188,
    0.21827933192253113,
    0.24586167931556702,
    0.17137734591960907,
    0.28506770730018616,
    0.20125046372413635,
    0.360768586397171,
    0.5596299767494202,
    0.4993297755718231,
    1.8052922487258911,
    3.5348637104034424,
    0.5960413813591003,
    0.46303126215934753,
    0.22336596250534058,
    0.35264497995376587,
    0.30677786469459534,
    0.2504020631313324,
    0.3995729088783264
  ],
  "accuracy": [
    0.12600000202655792,
    0.17399999499320984,
    0.21400000154972076,
    0.257999986410141,
    0.3199999928474426,
    0.3799999952316284,
    0.4300000071525574,
    0.46000000834465027,
    0.550000011920929,
    0.550000011920929,
    0.5740000009536743,
    0.6140000224113464,
    0.656000018119812,
    0.7139999866485596,
    0.7300000190734863,
    0.7739999890327454,
    0.7519999742507935,
    0.7979999780654907,
    0.8220000267028809,
    0.8339999914169312,
    0.8899999856948853,
    0.9160000085830688,
    0.906000018119812,
    0.8939999938011169,
    0.9179999828338623,
    0.8920000195503235,
    0.9419999718666077,
    0.921999990940094,
    0.9259999990463257,
    0.9539999961853027,
    0.9319999814033508,
    0.9679999947547913,
    0.9580000042915344,
    0.9139999747276306,
    0.9300000071525574,
    0.8799999952316284,
    0.8840000033378601,
    0.8980000019073486,
    0.906000018119812,
    0.9419999718666077,
    0.8999999761581421,
    0.8840000033378601,
    0.9520000219345093,
    0.9440000057220459,
    0.9079999923706055,
    0.9539999961853027,
    0.9520000219345093,
    0.9700000286102295,
    0.9380000233650208,
    0.9760000109672546,
    0.9700000286102295,
    0.9480000138282776,
    0.9359999895095825,
    0.9440000057220459,
    0.9860000014305115,
    0.972000002861023,
    0.9559999704360962,
    0.9620000123977661,
    0.949999988079071,
    0.8820000290870667,
    0.9580000042915344,
    0.9440000057220459,
    0.9539999961853027,
    0.9580000042915344,
    0.9459999799728394,
    0.9700000286102295,
    0.9279999732971191,
    0.9200000166893005,
    0.9620000123977661,
    0.9679999947547913,
    0.9639999866485596,
    0.972000002861023,
    0.984000027179718,
    0.9520000219345093,
    0.8840000033378601,
    0.9800000190734863,
    0.9620000123977661,
    0.9399999976158142,
    0.9559999704360962,
    0.9800000190734863,
    0.9800000190734863,
    0.9559999704360962,
    0.9679999947547913,
    0.9860000014305115,
    0.984000027179718,
    0.9739999771118164,
    0.9779999852180481,
    0.9819999933242798,
    0.972000002861023,
    0.9559999704360962,
    0.9660000205039978,
    0.9160000085830688,
    0.8920000195503235,
    0.9539999961853027,
    0.972000002861023,
    0.9819999933242798,
    0.9679999947547913,
    0.9660000205039978,
    0.9860000014305115,
    0.9660000205039978
  ],
  "val_loss": [
    2.2688534259796143,
    2.1470229625701904,
    2.147907018661499,
    2.1047136783599854,
    2.002699375152588,
    1.9149366617202759,
    1.865382432937622,
    1.8217527866363525,
    1.7858459949493408,
    1.9092003107070923,
    1.8259921073913574,
    1.8006740808486938,
    2.0073087215423584,
    2.1513214111328125,
    2.1804354190826416,
    2.2873637676239014,
    2.506268262863159,
    2.8143186569213867,
    2.715440034866333,
    3.2159926891326904,
    3.2756547927856445,
    3.5136711597442627,
    3.683823347091675,
    4.405855655670166,
    4.242098808288574,
    4.512955188751221,
    4.978957653045654,
    5.7856764793396,
    5.8863372802734375,
    6.0665459632873535,
    6.651927947998047,
    6.674610137939453,
    7.497036933898926,
    8.813002586364746,
    8.442416191101074,
    9.075669288635254,
    8.486529350280762,
    8.975749969482422,
    11.191183090209961,
    10.296744346618652,
    13.274129867553711,
    11.090283393859863,
    10.741471290588379,
    10.748804092407227,
    10.96054458618164,
    11.094966888427734,
    13.934808731079102,
    16.038408279418945,
    13.80721664428711,
    14.2821683883667,
    14.646306991577148,
    14.530866622924805,
    16.408788681030273,
    15.257119178771973,
    16.215599060058594,
    16.428010940551758,
    18.201078414916992,
    19.903539657592773,
    21.23568344116211,
    19.091421127319336,
    21.932226181030273,
    21.30678939819336,
    21.854080200195312,
    23.354290008544922,
    22.822816848754883,
    25.681503295898438,
    26.598587036132812,
    23.213502883911133,
    25.477750778198242,
    28.86034393310547,
    26.732404708862305,
    29.920486450195312,
    28.12076187133789,
    33.00352478027344,
    31.91521644592285,
    32.640316009521484,
    36.96223449707031,
    37.187992095947266,
    34.524314880371094,
    37.16687774658203,
    38.24032211303711,
    35.324520111083984,
    38.822837829589844,
    36.518531799316406,
    40.63865280151367,
    42.1276741027832,
    40.113136291503906,
    44.117828369140625,
    48.562557220458984,
    47.586551666259766,
    51.72450256347656,
    51.113182067871094,
    48.864013671875,
    50.9495735168457,
    54.80632781982422,
    52.529327392578125,
    48.208526611328125,
    53.82383728027344,
    59.409278869628906,
    58.9380989074707
  ],