{
  "loss": [
    6.338841438293457,
    5.850472927093506,
    5.579173564910889,
    5.317143440246582,
    5.279572010040283,
    5.083524227142334,
    5.014647483825684,
    4.984849452972412,
    4.942826271057129
  ],
  "accuracy": [
    0.15199999511241913,
    0.23000000417232513,
    0.29600000381469727,
    0.3580000102519989,
    0.4020000100135803,
    0.46399998664855957,
    0.46000000834465027,
    0.47200000286102295,
    0.47200000286102295
  ],
  "val_loss": [
    5.775881290435791,
    5.8256378173828125,
    5.924005031585693,
    6.0560173988342285,
    6.2672905921936035,
    6.470847129821777,
    6.708980083465576,
    6.89024543762207,
    7.079741954803467
  ],
  "val_accuracy": [
    0.10999999940395355,
    0.13500000536441803,
    0.10000000149011612,
    0.10000000149011612,
    0.10000000149011612,
    0.10000000149011612,
    0.10000000149011612,
    0.10000000149011612,
    0.10000000149011612
  ]
}