{
  "loss": [
    2.3269083499908447,
    2.2986226081848145,
    2.263439178466797,
    2.2238380908966064,
    2.083204746246338,
    2.0532920360565186,
    1.966860294342041,
    1.8293741941452026,
    1.7600276470184326,
    1.6661607027053833,
    1.5444191694259644,
    1.5498242378234863,
    1.463718056678772,
    1.3529798984527588,
    1.3328393697738647,
    1.273431658744812,
    1.1742384433746338,
    1.1323751211166382,
    1.0740371942520142,
    1.0607287883758545,
    0.9729471206665039,
    0.9402129054069519,
    0.8038927316665649,
    0.7984986305236816,
    0.7331157326698303,
    0.7129761576652527,
    0.6749128699302673,
    0.633511483669281,
    0.646531343460083,
    0.602378249168396,
    0.5065874457359314,
    0.5076302886009216,
    0.5887103080749512,
    0.5069482326507568,
    0.4925469756126404,
    0.5359675884246826,
    0.4468873143196106,
    0.47204962372779846,
    0.4774525761604309,
    0.40153995156288147,
    0.41508135199546814,
    0.35390713810920715,
    0.3480830192565918,
    0.29499146342277527,
    0.26412302255630493,
    0.35337820649147034,
    0.41102826595306396,
    0.368916392326355,
    0.359742134809494,
    0.35594987869262695,
    0.41734954714775085,
    0.4047277569770813,
    0.22498084604740143,
    0.20431627333164215,
    0.26687267422676086,
    0.27545401453971863,
    0.3742138147354126,
    0.3472283184528351,
    0.33220919966697693,
    0.34843987226486206,
    0.23953907191753387,
    0.3772258460521698,
    0.5332362651824951,
    0.47973954677581787,
    0.39714720845222473,
    0.5346664786338806,
    0.3671368360519409,
    0.3399442136287689,
    0.5217034816741943,
    0.29541653394699097,
    0.31568872928619385,
    0.4714929759502411,
    0.3452717959880829,
    0.24189674854278564,
    0.5554152727127075,
    0.3666967749595642,
    0.4601658582687378,
    0.3754676580429077,
    0.41496190428733826,
    0.4458913505077362,
    0.597520649433136,
    0.3169061839580536,
    0.411310613155365,
    0.46223342418670654,
    0.5830071568489075,
    0.4689028859138489,
    0.4152982234954834,
    0.3611251711845398,
    0.25678977370262146,
    0.5326229929924011,
    0.450558066368103,
    0.2728269696235657,
    0.5266342759132385,
    0.29952099919319153,
    0.6426330804824829,
    0.5484322905540466,
    0.30450522899627686,
    0.5473182201385498,
    0.46575358510017395,
    0.8538374304771423
  ],
  "accuracy": [
    0.09399999678134918,
    0.09200000017881393,
    0.15800000727176666,
    0.1679999977350235,
    0.24400000274181366,
    0.24400000274181366,
    0.2759999930858612,
    0.3319999873638153,
    0.3059999942779541,
    0.36800000071525574,
    0.44600000977516174,
    0.4259999990463257,
    0.48399999737739563,
    0.5299999713897705,
    0.5139999985694885,
    0.5640000104904175,
    0.593999981880188,
    0.5720000267028809,
    0.6340000033378601,
    0.6320000290870667,
    0.6819999814033508,
    0.6740000247955322,
    0.7080000042915344,
    0.722000002861023,
    0.7559999823570251,
    0.75,
    0.7459999918937683,
    0.7699999809265137,
    0.7739999890327454,
    0.7820000052452087,
    0.8240000009536743,
    0.8259999752044678,
    0.8259999752044678,
    0.8259999752044678,
    0.843999981880188,
    0.8140000104904175,
    0.8539999723434448,
    0.8579999804496765,
    0.8619999885559082,
    0.8759999871253967,
    0.8600000143051147,
    0.8920000195503235,
    0.8920000195503235,
    0.9120000004768372,
    0.9139999747276306,
    0.8899999856948853,
    0.8880000114440918,
    0.9079999923706055,
    0.9100000262260437,
    0.9200000166893005,
    0.8980000019073486,
    0.9200000166893005,
    0.9340000152587891,
    0.9419999718666077,
    0.9340000152587891,
    0.9440000057220459,
    0.9240000247955322,
    0.9179999828338623,
    0.9139999747276306,
    0.9279999732971191,
    0.9520000219345093,
    0.9300000071525574,
    0.9200000166893005,
    0.9259999990463257,
    0.9359999895095825,
    0.9240000247955322,
    0.9440000057220459,
    0.9480000138282776,
    0.9179999828338623,
    0.9459999799728394,
    0.9380000233650208,
    0.9340000152587891,
    0.949999988079071,
    0.9559999704360962,
    0.9279999732971191,
    0.9380000233650208,
    0.9440000057220459,
    0.9520000219345093,
    0.9440000057220459,
    0.9559999704360962,
    0.9139999747276306,
    0.9559999704360962,
    0.9419999718666077,
    0.9480000138282776,
    0.9259999990463257,
    0.9620000123977661,
    0.949999988079071,
    0.9520000219345093,
    0.9580000042915344,
    0.9539999961853027,
    0.9480000138282776,
    0.9739999771118164,
    0.9459999799728394,
    0.9580000042915344,
    0.9480000138282776,
    0.9520000219345093,
    0.972000002861023,
    0.9639999866485596,
    0.9660000205039978,
    0.9380000233650208
  ],
  "val_loss": [
    2.2890758514404297,
    2.2790474891662598,
    2.2487478256225586,
    2.177175521850586,
    2.0807480812072754,
    1.9737476110458374,
    1.9573144912719727,
    1.8686720132827759,
    1.8422818183898926,
    1.8243762254714966,
    1.783599853515625,
    1.776928424835205,
    1.708368182182312,
    1.681064248085022,
    1.8395473957061768,
    1.7350376844406128,
    1.8061227798461914,
    1.6826733350753784,
    1.6866755485534668,
    1.7393794059753418,
    1.8037745952606201,
    1.8388274908065796,
    1.9430286884307861,
    1.9261354207992554,
    1.9842734336853027,
    2.174337387084961,
    2.2637877464294434,
    2.292551040649414,
    2.4906668663024902,
    2.584901809692383,
    2.5503923892974854,
    3.0092453956604004,
    3.030041456222534,
    2.7765634059906006,
    3.2330737113952637,
    3.2505481243133545,
    3.217414617538452,
    3.602409601211548,
    3.7205758094787598,
    3.6293270587921143,
    3.6840994358062744,
    4.137679576873779,
    4.257277011871338,
    4.6517014503479,
    4.958832263946533,
    5.208460807800293,
    5.466153621673584,
    4.798695087432861,
    4.914633750915527,
    5.638022422790527,
    5.792000770568848,
    6.087268829345703,
    6.183013439178467,
    6.072422027587891,
    6.520026683807373,
    7.4892120361328125,
    6.967231273651123,
    8.018662452697754,
    8.47637939453125,
    8.173585891723633,
    9.377119064331055,
    9.845834732055664,
    10.298389434814453,
    10.804060935974121,
    10.769250869750977,
    10.601310729980469,
    11.103974342346191,
    11.022549629211426,
    11.872564315795898,
    11.591578483581543,
    11.747570037841797,
    11.099064826965332,
    11.6660795211792,
    12.304594993591309,
    13.63156509399414,
    13.866986274719238,
    12.894269943237305,
    13.274112701416016,
    13.962835311889648,
    14.094676971435547,
    14.059033393859863,
    14.816697120666504,
    15.74250602722168,
    17.28687286376953,
    18.824058532714844,
    16.973670959472656,
    17.111108779907227,
    18.96360206604004,
    18.87274169921875,
    20.036096572875977,
    19.918546676635742,
    20.959312438964844,
    22.906230926513672,
    20.561647415161133,
    22.929807662963867,
    25.282978057861328,
    24.6141414642334,
    23.328285217285156,
    26.629411697387695,
    31.926918029785156
  ],