{
  "loss": [
    2.3101630210876465,
    2.199991226196289,
    2.080115556716919,
    1.9246405363082886,
    1.8007020950317383,
    1.6991169452667236,
    1.5756933689117432,
    1.4824901819229126,
    1.317124366760254,
    1.3049477338790894,
    1.16275954246521,
    1.0790319442749023,
    0.9876798987388611,
    0.9519941210746765,
    0.8398273587226868,
    0.7395825386047363,
    0.6311743259429932,
    0.5777133703231812,
    0.6475940346717834
  ],
  "accuracy": [
    0.07400000095367432,
    0.17000000178813934,
    0.2240000069141388,
    0.2840000092983246,
    0.32600000500679016,
    0.3659999966621399,
    0.44200000166893005,
    0.46799999475479126,
    0.5220000147819519,
    0.550000011920929,
    0.5860000252723694,
    0.6299999952316284,
    0.6499999761581421,
    0.6679999828338623,
    0.6959999799728394,
    0.7300000190734863,
    0.777999997138977,
    0.7860000133514404,
    0.7559999823570251
  ],
  "val_loss": [
    2.2664847373962402,
    2.1566214561462402,
    2.093299627304077,
    2.0580756664276123,
    1.999351978302002,
    1.892428994178772,
    1.9400674104690552,
    1.8493777513504028,
    1.9081878662109375,
    2.032158374786377,
    1.835850715637207,
    1.934086561203003,
    2.2109904289245605,
    2.146749258041382,
    2.0960144996643066,
    2.1710500717163086,
    2.613112688064575,
    2.9088354110717773,
    3.00369930267334
  ],
  "val_accuracy": [
    0.17000000178813934,
    0.17499999701976776,
    0.24500000476837158,
    0.27000001072883606,
    0.33000001311302185,
    0.38499999046325684,
    0.3799999952316284,
    0.41499999165534973,
    0.41499999165534973,
    0.36500000953674316,
    0.4099999964237213,
    0.38999998569488525,
    0.38499999046325684,
    0.39500001072883606,
    0.41999998688697815,
    0.4449999928474426,
    0.38499999046325684,
    0.4099999964237213,
    0.39500001072883606
  ]
}