{
  "loss": [
    5.600739479064941,
    5.176962852478027,
    4.740747928619385,
    4.364590644836426,
    4.098884105682373,
    3.8165502548217773,
    3.569713830947876,
    3.415355920791626,
    3.260746479034424,
    3.1126818656921387,
    3.028963088989258,
    2.8605825901031494,
    2.740243911743164,
    2.6476824283599854,
    2.529005527496338,
    2.418593645095825,
    2.3899729251861572,
    2.353721857070923,
    2.2128400802612305,
    2.1882193088531494,
    2.0840184688568115,
    2.13278865814209,
    2.068983316421509,
    2.074877977371216,
    2.076667547225952,
    1.9851469993591309,
    1.9654089212417603,
    1.9323511123657227,
    1.9630552530288696,
    2.053116798400879,
    2.1279234886169434,
    2.2246317863464355,
    1.926713228225708,
    2.037010431289673,
    2.1129770278930664,
    1.9801329374313354,
    2.130006790161133,
    1.7755695581436157,
    1.9598901271820068,
    1.9240456819534302,
    1.8738090991973877,
    2.271437168121338,
    2.1789627075195312,
    2.0648062229156494,
    2.2624354362487793,
    2.19801926612854,
    2.244410991668701,
    1.9948852062225342,
    2.3586788177490234,
    3.356168270111084,
    2.041959285736084,
    2.2865633964538574,
    2.0641415119171143,
    3.1366539001464844,
    2.5164730548858643,
    2.537346363067627,
    2.780832052230835,
    2.8085079193115234,
    2.600872755050659,
    2.3094727993011475,
    3.7883799076080322,
    4.193844795227051,
    3.5328621864318848,
    4.049280643463135,
    4.741696357727051,
    4.204826831817627,
    4.838967323303223,
    2.7912707328796387,
    4.789132595062256,
    3.6285104751586914,
    2.7972030639648438,
    3.827021598815918,
    3.733476400375366,
    5.2309417724609375,
    3.640976667404175,
    4.968177795410156,
    5.8170013427734375,
    3.5747151374816895,
    7.407607555389404,
    5.881412506103516,
    4.908252239227295,
    8.04170036315918,
    7.740376949310303,
    8.030957221984863,
    7.585010528564453,
    10.540557861328125,
    7.720393657684326,
    7.469653129577637,
    6.254053115844727,
    7.860713005065918,
    9.38491439819336,
    11.012722969055176,
    16.626834869384766,
    11.67970085144043,
    16.811012268066406,
    8.942420959472656,
    8.209129333496094,
    10.612105369567871,
    13.473100662231445,
    10.641502380371094
  ],
  "accuracy": [
    0.09000000357627869,
    0.20600000023841858,
    0.23600000143051147,
    0.26600000262260437,
    0.2939999997615814,
    0.3580000102519989,
    0.42800000309944153,
    0.4519999921321869,
    0.5019999742507935,
    0.5400000214576721,
    0.527999997138977,
    0.6019999980926514,
    0.6399999856948853,
    0.6620000004768372,
    0.6899999976158142,
    0.7480000257492065,
    0.7639999985694885,
    0.7480000257492065,
    0.7900000214576721,
    0.7960000038146973,
    0.8379999995231628,
    0.8259999752044678,
    0.8259999752044678,
    0.8220000267028809,
    0.8299999833106995,
    0.8619999885559082,
    0.8600000143051147,
    0.8939999938011169,
    0.8920000195503235,
    0.8640000224113464,
    0.8399999737739563,
    0.8360000252723694,
    0.8799999952316284,
    0.8740000128746033,
    0.8920000195503235,
    0.8820000290870667,
    0.8820000290870667,
    0.9319999814033508,
    0.8920000195503235,
    0.9259999990463257,
    0.9139999747276306,
    0.8740000128746033,
    0.9039999842643738,
    0.8980000019073486,
    0.8920000195503235,
    0.8880000114440918,
    0.8999999761581421,
    0.9259999990463257,
    0.9039999842643738,
    0.8560000061988831,
    0.9319999814033508,
    0.9259999990463257,
    0.9380000233650208,
    0.8740000128746033,
    0.9039999842643738,
    0.9039999842643738,
    0.8899999856948853,
    0.9039999842643738,
    0.8960000276565552,
    0.9300000071525574,
    0.8579999804496765,
    0.8799999952316284,
    0.8799999952316284,
    0.8740000128746033,
    0.8240000009536743,
    0.8560000061988831,
    0.8579999804496765,
    0.9319999814033508,
    0.8600000143051147,
    0.9079999923706055,
    0.9340000152587891,
    0.9139999747276306,
    0.906000018119812,
    0.8899999856948853,
    0.9300000071525574,
    0.8820000290870667,
    0.8960000276565552,
    0.9160000085830688,
    0.8519999980926514,
    0.8899999856948853,
    0.8960000276565552,
    0.8700000047683716,
    0.8740000128746033,
    0.8700000047683716,
    0.8840000033378601,
    0.8399999737739563,
    0.871999979019165,
    0.8859999775886536,
    0.9200000166893005,
    0.8880000114440918,
    0.878000020980835,
    0.8539999723434448,
    0.8040000200271606,
    0.8759999871253967,
    0.8399999737739563,
    0.8980000019073486,
    0.9079999923706055,
    0.8840000033378601,
    0.8960000276565552,
    0.8939999938011169
  ],
  "val_loss": [
    5.367366790771484,
    4.970356464385986,
    4.599892616271973,
    4.414369106292725,
    4.163839817047119,
    3.8885855674743652,
    3.8842215538024902,
    3.6667850017547607,
    3.850468397140503,
    3.6862261295318604,
    3.5496859550476074,
    3.633577585220337,
    3.8041722774505615,
    3.7224607467651367,
    3.642624616622925,
    3.8547680377960205,
    4.156526565551758,
    4.149225234985352,
    4.007481575012207,
    4.613169193267822,
    4.848716735839844,
    5.055480003356934,
    5.060750961303711,
    5.376211643218994,
    5.489490509033203,
    6.348801136016846,
    6.624991416931152,
    6.603439807891846,
    7.971936225891113,
    7.733023643493652,
    7.693653583526611,
    7.7647247314453125,
    9.010629653930664,
    8.107194900512695,
    8.861593246459961,
    9.939478874206543,
    8.87496280670166,
    12.187634468078613,
    11.822525978088379,
    12.654078483581543,
    12.840699195861816,
    13.902726173400879,
    16.954824447631836,
    15.35566520690918,
    15.745830535888672,
    15.908222198486328,
    19.109663009643555,
    18.092695236206055,
    21.407611846923828,
    20.379281997680664,
    23.198965072631836,
    22.250328063964844,
    26.860496520996094,
    26.369810104370117,
    26.060253143310547,
    29.282428741455078,
    28.369861602783203,
    32.14647674560547,
    32.14533233642578,
    37.311405181884766,
    41.7734489440918,
    43.369239807128906,
    46.865013122558594,
    45.063690185546875,
    46.81867218017578,
    53.97117233276367,
    46.775794982910156,
    57.99424362182617,
    70.05840301513672,
    67.40290832519531,
    66.0486831665039,
    73.08299255371094,
    66.51673126220703,
    73.75428009033203,
    78.9017333984375,
    84.18334197998047,
    79.04025268554688,
    85.72607421875,
    99.77180480957031,
    89.21426391601562,
    104.4771957397461,
    102.34818267822266,
    118.04541015625,
    129.81552124023438,
    145.86695861816406,
    120.83169555664062,
    142.2333984375,
    125.90194702148438,
    150.35665893554688,
    157.917236328125,
    177.30072021484375,
    180.7620849609375,
    187.17205810546875,
    200.19647216796875,
    188.42861938476562,
    206.1273956298828,
    197.9388427734375,
    217.76393127441406,
    215.77407836914062,
    235.35643005371094
  ],