{
  "rmse": 25120.670054757695,
  "rmsle": 0.1086346762693014,
  "r2": 0.9212916493415833,
  "rmse_ci": {
    "point_estimate": 25120.670054757695,
    "ci_lower": 19965.772994271876,
    "ci_upper": 30434.992035384374
  },
  "cv_best_score_neg_rmse": -22172.73828125,
  "n_train": 2344,
  "n_test": 586
}