{
  "shift_column": "Year Built",
  "threshold_year": 1960,
  "overall": {
    "n": 586,
    "rmse": 25120.669945262187,
    "rmsle": 0.1086346762693014
  },
  "old_homes": {
    "n": 175,
    "rmse": 18204.256755885777,
    "rmsle": 0.1342324173735767
  },
  "new_homes": {
    "n": 411,
    "rmse": 27543.376256490254,
    "rmsle": 0.09567871272836445
  }
}