,cv_mean_auc,cv_std_auc,test_auc
Logistic Regression,0.7489057610006438,0.002384444835928719,0.7522301552873725
Random Forest,0.7222502828249244,0.0035086067452562357,0.7245978419740119
LightGBM,0.761729306957281,0.0014532275619341794,0.7658146663704192
