feature,mean_abs_shap
num__EXT_SOURCE_3,0.3394398014697363
num__EXT_SOURCE_2,0.3157852284621772
num__CREDIT_TERM_RATIO,0.14158299733778865
num__EXT_SOURCE_1,0.13876001347909406
num__GOODS_PRICE_CREDIT_RATIO,0.10595097657197648
