epoch,train_loss,test_accuracy
1,2.022566677865883,0.6377380952380952
2,1.5021239627755825,0.7447619047619047
3,1.131453464905665,0.7922619047619047
4,0.9027478197809042,0.8211904761904761
5,0.7627492253993737,0.8360714285714286
6,0.6717926418401683,0.8477380952380953
7,0.6087195456460176,0.8546428571428571
8,0.5627313438755941,0.8621428571428571
9,0.5276537451113871,0.8688095238095238
10,0.500000757275943,0.8721428571428571
