{
  "loss": [
    0.02129349857568741,
    0.020691240206360817,
    0.015263150446116924,
    0.01606929302215576,
    0.01040260586887598,
    0.009049220010638237,
    0.009654385037720203,
    0.007535650860518217
  ],
  "accuracy": [
    0.9931972622871399,
    0.9935974478721619,
    0.9953123927116394,
    0.9942834377288818,
    0.9967986941337585,
    0.9971417188644409,
    0.9966843724250793,
    0.9973132014274597
  ],
  "auc": [
    0.9990755915641785,
    0.9992701411247253,
    0.9996649622917175,
    0.9995554685592651,
    0.9994990825653076,
    0.9997367262840271,
    0.9996723532676697,
    0.9998576641082764
  ],
  "val_loss": [
    0.03326817974448204,
    0.0331592932343483,
    0.03316951543092728,
    0.043611831963062286,
    0.03235459327697754,
    0.03369271010160446,
    0.03353452682495117,
    0.03465821221470833
  ],
  "val_accuracy": [
    0.9909309148788452,
    0.9909309148788452,
    0.9919978380203247,
    0.9882635474205017,
    0.9925313591957092,
    0.9903974533081055,
    0.9919978380203247,
    0.9925313591957092
  ],
  "val_auc": [
    0.9986736178398132,
    0.9986799955368042,
    0.9984416365623474,
    0.9984346628189087,
    0.9984586238861084,
    0.9984802603721619,
    0.9982345104217529,
    0.9979656338691711
  ],
  "lr": [
    9.999999747378752e-06,
    9.999999747378752e-06,
    9.999999747378752e-06,
    9.999999747378752e-06,
    4.999999873689376e-06,
    4.999999873689376e-06,
    4.999999873689376e-06,
    2.499999936844688e-06
  ]
}