{
  "loss": [
    0.008903464302420616,
    0.007622763514518738,
    0.005168677307665348,
    0.0060736434534192085
  ],
  "accuracy": [
    0.9971417188644409,
    0.9973703622817993,
    0.9983993768692017,
    0.9981706738471985
  ],
  "auc": [
    0.9998434782028198,
    0.999859631061554,
    0.999928891658783,
    0.999869167804718
  ],
  "val_loss": [
    0.021224038675427437,
    0.021377509459853172,
    0.023090245202183723,
    0.022357966750860214
  ],
  "val_accuracy": [
    0.9941317439079285,
    0.994665265083313,
    0.994665265083313,
    0.994665265083313
  ],
  "val_auc": [
    0.9991142749786377,
    0.9991078972816467,
    0.9991249442100525,
    0.9988598823547363
  ],
  "lr": [
    9.999999747378752e-06,
    9.999999747378752e-06,
    9.999999747378752e-06,
    4.999999873689376e-06
  ]
}