{
  "loss": [
    0.08232641220092773,
    0.04443144053220749,
    0.03886951506137848,
    0.040555793792009354,
    0.04053843393921852,
    0.030013738200068474
  ],
  "accuracy": [
    0.9781627058982849,
    0.9870805740356445,
    0.9879952073097229,
    0.9874235391616821,
    0.9877093434333801,
    0.9906248450279236
  ],
  "auc": [
    0.9941418766975403,
    0.9980491399765015,
    0.9980794191360474,
    0.9975748658180237,
    0.9976465106010437,
    0.9987280964851379
  ],
  "val_loss": [
    0.05643467977643013,
    0.0472625307738781,
    0.03055543079972267,
    0.056625258177518845,
    0.03210578113794327,
    0.031858693808317184
  ],
  "val_accuracy": [
    0.9839957356452942,
    0.9850626587867737,
    0.9911976456642151,
    0.9831955432891846,
    0.9919978380203247,
    0.9917311072349548
  ],
  "val_auc": [
    0.9975671768188477,
    0.9978397488594055,
    0.9984022974967957,
    0.9973347187042236,
    0.998675525188446,
    0.9984503984451294
  ],
  "lr": [
    0.0010000000474974513,
    0.0010000000474974513,
    0.0010000000474974513,
    0.0010000000474974513,
    0.0010000000474974513,
    0.0005000000237487257
  ]
}