{
  "loss": [
    0.033969201147556305,
    0.018337296321988106,
    0.01735515706241131,
    0.01615392416715622,
    0.015899954363703728,
    0.012182660400867462
  ],
  "accuracy": [
    0.989881694316864,
    0.9946264028549194,
    0.9948551058769226,
    0.9951980710029602,
    0.9947407245635986,
    0.9963985681533813
  ],
  "auc": [
    0.9981529116630554,
    0.9992192983627319,
    0.9993354082107544,
    0.9994739890098572,
    0.9994333982467651,
    0.9995400309562683
  ],
  "val_loss": [
    0.021148841828107834,
    0.022920096293091774,
    0.019868994131684303,
    0.022359313443303108,
    0.020242203027009964,
    0.020618384703993797
  ],
  "val_accuracy": [
    0.9941317439079285,
    0.9935982823371887,
    0.9935982823371887,
    0.9943985342979431,
    0.9941317439079285,
    0.9941317439079285
  ],
  "val_auc": [
    0.9990237355232239,
    0.9989714622497559,
    0.9990686178207397,
    0.999272882938385,
    0.9991032481193542,
    0.9990955591201782
  ],
  "lr": [
    0.0010000000474974513,
    0.0010000000474974513,
    0.0010000000474974513,
    0.0010000000474974513,
    0.0010000000474974513,
    0.0005000000237487257
  ]
}