model,accuracy,macro_f1,train_seconds,inference_ms_per_1000,model_size_mb
TF-IDF + LogReg,0.7718648773715873,0.6759676080115281,3.0050477760000263,0.0003811726052650747,0.6067533493041992
Word2Vec + LSTM,0.7769551133734383,0.6909054334076233,21.515843312000015,0.20882365941693334,10.362724304199219
DistilBERT,0.8366496992133272,0.7809127679398028,212.40260613400005,1.954744337343833,256.1077308654785
